"DC","DSB","Lon","Lat","Anch","Mun","LogAnch"
12.62664628,-23.87863949,-77.19840708,-12.18442625,0.032847,0,0.032319066873504
24.5263834,-10.10470487,-77.86965125,-11.17215125,14.897197,0,2.76614280437722
21.11929284,-16.85584765,-77.03742429,-12.41227048,156.161666,0,5.05727499529582
19.25555089,9.262742743,-73.35587083,-16.5685,5.34838,7.002952,1.8481996622462
8.682273332,-21.73878688,-77.96246667,-10.63436667,236.075242,0,5.46837756754329
8.573864377,-31.54309093,-77.59933333,-11.41192583,77.086676,20.652199,4.35781944049893
8.606619872,-49.07941637,-76.31588417,-13.36144917,49.41322,0,3.92025344226958
6.20068172,-67.77755406,-79.85718218,-7.02631782,1612.730855,0,7.38630407841891
4.500797312,-5.375330635,-75.39781917,-15.1843475,49.786795,0,3.92763637984905
6.352248811,-32.79634387,-80.91620175,-5.63191667,151.248271,0,5.02551255020368
6.019472933,-96.29110437,-79.04719449,-8.22899725,8.316844,0,2.23182394474112
3.559845534,-6.264236229,-73.6665825,-16.262,1.449576,564.383273,0.895914948355324
7.784768419,-70.12263213,-80.07977343,-6.7586099,0,0,0
7.781178277,-25.26692953,-76.71081375,-12.75553917,0.066046,0,0.0639564767826146
6.498575151,-24.48336794,-76.51686398,-13.09093199,1266.811786,0,7.14504769022585
5.68874923,-18.13359288,-80.83130014,-6.3277916,108.104678,0,4.69230777001328
79.39331222,3.08007093,-78.88306958,-10.30316667,820.798282,0,6.71149496591415
5.765456842,-78.19638463,-78.43382167,-9.56233333,0.1288,16.87246,0.121155121556467
2.922507462,-3.08019495,-81.16942945,-6.00932055,210.549262,0,5.354457888623
49.00214056,-53.7223817,-79.14208543,-9.00545938,162.143252,0,5.09462866147295
12.25549991,-17.29377946,-76.89914542,-12.56897875,183.964128,8.694074,5.22016190357406
7.088643499,-23.42130236,-78.0073,-10.5412,0.273997,0,0.24215920235913
32.07356405,7.741263711,-81.33,-5.63236667,26.809549,0,3.32537945092631
28.44699013,-11.60015804,-77.42565599,-12.13644466,319.309458,0,5.76928758474612
17.13650706,13.18375893,-74.91050875,-15.71800875,3.042559,54.800069,1.3968779072915
7.331918001,-105.0843775,-78.85757871,-8.58278936,80.688507,0,4.40291331877594
4.120877403,-21.26994222,-76.00926355,-14.52960623,38.227363,19.372811,3.66937453899709
5.433051306,-30.95402997,-77.68981917,-11.06831917,5.62312,0,1.89056655801604
3.301300989,-31.52555866,-77.79385991,-10.77888019,137.201065,0,4.92870961752674
28.00208275,-3.457271673,-78.06607708,-10.80033333,77.617649,0,4.36459621621412
72.97081174,-2.775861398,-80.10898072,-7.87663203,0,0,0
7.482026031,-36.10508033,-76.28871667,-13.68826392,1462.543332,0,7.28861571416646
19.94313224,-64.95236616,-79.48458614,-7.99456667,355.530896,0,5.87642090089581
1.847480019,-17.41265077,-76.40750973,-13.85258614,496.429802,0,6.20945444513536
18.44134544,15.88485479,-75.1661125,-15.58616667,13.467735,0,2.67192099763789
24.76927415,12.32753801,-81.37032088,-5.8365,71.954348,0,4.28983387566008
12.27891925,-16.16346599,-80.62593788,-6.49452727,122.310172,0,4.81470290473995
2.752747097,-27.73781648,-77.92907388,-10.58495223,251.6244,0,5.53190380065911
13.58473995,-79.37702678,-78.71415375,-9.24332042,0.787261,0,0.580684280352836
9.488032804,-42.68385465,-77.2455,-11.90835125,1183.496999,597.54161,7.07707349003717
3.723160104,-78.65581791,-78.40670927,-9.58962406,2.549437,5.131896,1.26678899936106
5.338195748,-3.58468888,-81.1955,-5.86583333,83.554407,65.662049,4.43739519699037
2.247668311,-26.35058313,-76.51167532,-13.02515737,478.34153,0,6.17241334960576
41.07118492,-60.97182851,-79.26974042,-8.59857375,0.205273,0,0.186706097299277
28.5329178,-44.01243615,-79.68854042,-7.84654042,3142.870062,0,8.05320982381463
16.17541593,-49.29724886,-79.65734958,-7.61090812,8.87669,0,2.29017743538504
14.30828055,5.421235048,-73.14758167,-16.59208167,3.211117,14.647146,1.43772793316807
27.60270014,-74.9461884,-78.97516667,-8.90595958,598.438008,0,6.39599256294897
5.206358223,1.856253255,-74.49731782,-15.79039109,338.830461,0,5.82844684912824
13.42014719,-4.118111445,-72.7905,-16.753,3.505621,256.307224,1.50532572839715
6.684551858,-17.79315888,-75.57341171,-14.93548919,17.123692,2819.64635,2.89722003261944
25.18264198,-48.24869594,-80.02720367,-7.107287,15.58015,0,2.80820619671086
92.97329604,5.14645841,-79.14397583,-9.96633333,0.016882,0,0.0167410828027514
4.40801546,-5.420306381,-81.1810284,-5.85716667,14.230159,200.015093,2.72327760677378
6.733250106,-63.61114366,-79.50287542,-7.76470875,0.989871,0,0.688069812514624
38.99577402,18.27593739,-75.87933456,-15.10963456,2102.728042,0,7.65146630789855
45.82311305,14.42131569,-78.21,-10.87782708,47.054412,0,3.87233395222078
14.57094505,8.80684338,-81.28457,-5.93757,0.410617,0,0.344027197328566
2.00399508,-31.60775964,-76.30289129,-13.77236592,350.497724,0,5.86220323612307
27.13376638,-2.740437231,-77.0171025,-12.6375,6.182509,0,1.97164876491612
7.708290945,-41.99855044,-76.37416667,-13.27769958,67.640757,0,4.22888648367367
6.126789387,-4.733478549,-73.36399708,-16.39400292,6.972985,104.087111,2.07605895216903
4.061476856,-11.84121064,-74.13583333,-15.95474875,5.871795,111.979039,1.92742535303793
38.54572319,8.012309429,-76.857765,-13.05343167,9.019968,567.511404,2.30457990203884
64.43763805,-36.84209382,-79.53097212,-8.50662212,423.105541,0,6.04998234170998
28.36726409,23.35802218,-74.96588458,-15.80533333,4.350825,0,1.67725075462693
32.61998707,11.84369069,-76.02264667,-14.95848,401.755166,0,5.99832884879046
26.67935636,6.847892926,-75.96827375,-14.92766667,61.255635,3.464794,4.13124905333629
11.22203788,-21.74651582,-76.63552333,-12.88912,317.152573,0,5.76253105702626
40.15991968,4.734671985,-77.39075875,-12.36466667,109.391362,0,4.70403188802825
24.59302029,-1.812410118,-80.7426372,-6.56167693,0,0,0
21.68720109,5.033926032,-72.98389649,-16.71364649,5.793694,0,1.91599482898312
75.90276688,-23.69214437,-79.28517079,-9.33276873,307.809087,0,5.73272324453113
7.562391934,-36.90137862,-76.288,-13.66730982,1996.591427,0,7.59969744730637
18.98265672,14.81120916,-74.91950917,-15.73250917,1.904603,0,1.06629672003549
30.11335029,11.84933543,-76.67825583,-13.914,55.409732,0,4.03264169680991
7.718433191,-4.178472547,-75.33602792,-15.26613875,0.183348,0,0.168347709108602
52.76281779,-31.65381997,-79.74681626,-8.14553293,593.963097,0,6.38849938177346
7.259801891,-3.948254374,-75.32615333,-15.28001333,5.709649,0,1.90354663963028
38.02828916,-46.49551201,-79.62992289,-8.07803645,9316.604657,0,9.13966086359513
19.36068152,-52.11444581,-79.61070792,-7.81370792,0.029535,0,0.0291072439937834
14.67260022,-1.807304827,-81.05234439,-6.26091386,2.822345,0,1.34086410862025
73.7547485,-18.74130994,-79.05738906,-9.67973333,24.02641606,0,3.21993190941455
50.85314896,-51.90650561,-79.15691964,-9.01341964,25.420402,0,3.27413651472407
10.31301812,-22.81273188,-76.6525,-12.85951875,0.749396,0,0.559270585502775
76.76198547,-15.73077286,-79.07870337,-9.69690337,3384.390158,0,8.12722443956107
4.615037249,-2.356958238,-73.12991,-16.495,391.793779,0,5.97328473877852
23.4765183,14.60218006,-73.19066667,-16.665,1.375186,5.934754,0.865075750209557
21.64016943,-1.168223803,-75.71491394,-15.01575465,9.140342,0,2.31652172540492
26.18573191,-75.60395624,-79.15236625,-8.53069958,25.000162,0,3.2581027687713
7.904454442,-41.90752573,-80.70633333,-3.609085,0,0,0
44.37758871,14.82707087,-76.78272339,-13.7310367,38.103735,0,3.66621798672584
37.77152222,6.653746061,-77.95125134,-11.47201935,223.020382,0,5.41173703878703
26.91286686,16.97794868,-76.4981525,-14.30098583,0.382766,0,0.324085840970164
81.34529327,-5.670921627,-79.05115458,-9.91416667,603.05911,0,6.40367205738483
42.09658537,9.369346054,-76.99590208,-12.89595104,0,0,0
11.82360162,-68.85679674,-80.04395135,-6.87168468,26770.1747,0,10.195081016762
17.92350111,-8.214117025,-76.12884125,-14.5755,42.318087,150.78887,3.76857026141626
12.01967571,-3.412579014,-73.31891292,-16.51091292,1.526228,18.129372,0.926727281137655
22.83548211,-8.103002007,-77.8324842,-11.4048171,49.207036,0,3.91615517623883
82.35908996,-3.728813978,-80.62178148,-7.20596667,0,0,0
4.800594123,-21.95219359,-76.01604875,-14.51406918,19.821297,304.76995,3.03597635711587
8.129472262,-25.42113806,-77.67494875,-11.37283333,23.882898,1232.853385,3.21418074018749
4.728208545,6.075054732,-74.07904323,-16.01829011,4.982417,11.392863,1.78882466690557
5.938049511,-40.45546985,-80.34899832,-6.57090749,18.67145,0,2.97916834600332
47.69349952,18.04807665,-77.17933333,-12.73335125,0.838092,0,0.608728077087779
10.54355908,3.732141949,-81.24633333,-5.90327792,4.461458,72.995403,1.69771578707689
31.19066007,-42.30643531,-79.94693496,-7.29288496,218.40989,0,5.39094162430922
5.681804513,-97.48315602,-78.98583542,-8.41232917,13902.83187,0,9.53991975522838
8.093974932,-67.57089198,-79.78320669,-7.11983552,36.066014,0,3.61270048507968
30.07723408,8.807025123,-76.13000593,-14.82844463,2.052951,0,1.11610866383685
32.9728438,17.37657443,-81.40678828,-5.4232,3794.583856,0,8.24159352674458
9.424517332,-23.38527607,-76.661,-12.84470417,0.049743,0,0.0485453723055865
4.882505362,-1.502931693,-74.56083333,-15.73716667,0.249585,1.007105,0.222811496190009
42.39158946,9.687515789,-78.29828855,-10.68972761,21.024815,0,3.092169772241
26.7248611,9.138234176,-81.32324167,-5.4243,582.563201,0,6.36915275948579
9.741967916,-3.135642071,-75.26759458,-15.42326125,1.339732,10.115153,0.850036392896029
13.17041389,-26.79725201,-77.29298281,-12.06386614,98.383876,76.944376,4.59898988722485
16.27931071,-0.241365224,-81.06696073,-6.26909703,2452.905446,0,7.80543609396619
3.204070625,-7.832855923,-73.60275,-16.26883333,0.572094,58.047075,0.452408488656938
26.02355014,-6.947500593,-76.86819736,-12.81694356,22.45601,104.036335,3.1551267520343
49.63181646,-7.300490881,-77.6242275,-12.00866667,0,0,0
73.33276876,-12.02795293,-78.98682292,-9.87883333,4029.922284,0,8.30175048334808
4.244820299,-20.71867833,-76.00247123,-14.54527421,6.050231,34.730155,1.95306038224483
77.20966212,-14.10904242,-79.80556792,-8.41540125,0,0,0
25.89921048,14.63918,-73.9347508,-16.36691747,4.496556,0,1.70412171428653
5.886447827,-29.59951008,-80.93386032,-5.56600634,36.992596,0,3.63739129863693
9.756172325,-20.92908469,-77.72832912,-11.34626456,411.118895,59.074429,6.02131188781539
45.98474565,14.2995183,-76.91859708,-13.08776375,1157.493353,469.091381,7.05487560626426
9.069372544,-10.35765087,-76.22723583,-14.3245975,143.432467,1979.69018,4.97281204190606
36.98419442,-44.87759362,-80.24606146,-6.99170573,0.493524,0,0.401138428179998
19.6538469,7.021559857,-81.32058483,-5.8305,5598.942008,0,8.63051152095533
44.89901256,-67.22831192,-79.17363333,-8.7717,369.696828,0,5.91538455333562
5.593546745,-19.66156273,-75.98931128,-14.57671076,91.272257,125.071546,4.52474352211281
4.186313522,-63.99730316,-79.51751549,-7.61286785,22.509955,0,3.15742394847103
17.85714544,8.96086536,-73.1642725,-16.6205,3.134424,0,1.4193480201028
6.539875265,-47.70188286,-76.25081667,-13.5009817,887.685646,0,6.78974356893176
28.70413099,19.01666401,-75.42071625,-15.51021625,0,0,0
16.37049482,-86.08705822,-78.88550875,-8.85700875,0.119053,0,0.112482791925768
11.19080561,-37.40744401,-77.52917417,-11.47817417,3.774456,1398.544054,1.56328004074098
7.615690757,-44.02833445,-77.4679764,-11.47647847,20.023794,0,3.04565484392847
19.19939998,-11.81786344,-76.69414208,-12.96016667,59.809885,702.478447,4.1077523579939
65.39447355,-45.34961222,-79.34941481,-8.87731481,1582.175646,0,7.36718801140096
3.19204163,-5.667101563,-73.682665,-16.26466667,0.204393,530.020772,0.185975705585968
10.65973605,-6.196785948,-74.174,-16.00312667,8.067521,114.23667,2.20469890813584
7.059988883,-45.20594659,-77.25183333,-11.85835208,0.16032,117.903284,0.148695829144294
21.94049386,2.502655427,-76.60254678,-13.87304678,367.770146,0,5.91017353938203
6.976062028,1.531627577,-74.68609915,-15.71018163,397.528824,7,5.98777982685665
3.664005882,-78.08969678,-78.40133333,-9.60558229,5.095552,22.197155,1.80755932487011
10.91850433,-24.55024089,-77.23540708,-12.14942625,0.062071,0,0.0602207755756356
12.99023949,-19.19991499,-76.6345,-12.9275,1146.48086,555.199429,7.04532426205703
65.67350346,20.65851843,-76.93671833,-13.58016667,607.805891,0,6.41149948291327
4.054158625,-104.2081619,-78.88104667,-8.52468667,258.530104,0,5.5588727035847
25.49208318,-29.69531707,-77.41839625,-11.89066667,58.30285,0,4.08265736555706
53.34829058,20.67846075,-76.97851417,-13.12133333,2.876968,0,1.35505340485024
2.941303915,-25.62853322,-76.52832353,-12.99556961,451.901326,0,6.11567427835651
15.97624813,-15.5148781,-76.66433333,-12.94366667,131.608229,1237.61233,4.88739913464972
3.232212546,-3.538899283,-81.16397853,-6.02513333,55.282681,0,4.03038686792751
7.019871117,-95.58995198,-79.05050208,-8.23832917,11.962257,133.848698,2.56204182699613
5.848613375,1.084383235,-74.51933333,-15.75798333,1174.291416,1175.80484,7.06927140944499
4.356859724,-24.67883142,-76.5572,-12.95457492,27.882739,0,3.36324415024775
55.74699809,-25.82272405,-78.74429688,-9.96983229,35.244277,0,3.59028149297491
10.95106893,-1.302778361,-73.47045262,-16.38211929,78.786454,550.111271,4.37935374067327
29.50648279,21.22927519,-74.45218729,-16.0885079,4.977476,119.360608,1.78799840528582
33.87102683,1.649985303,-78.33833333,-10.4655,54.07192,0,4.00863996738426
15.37847349,-5.257417348,-76.01353299,-14.75534983,524.525737,18.908249,6.26439916533084
26.71592719,8.107558948,-76.64758794,-13.89825461,187.490071,0,5.2390453317607
60.1223694,-21.89255821,-78.54233667,-10.59317,0,0,0
7.947701082,-94.73148326,-78.79230167,-8.85369833,21.362335,0,3.10737807038392
70.41934127,-5.476213221,-78.80948625,-10.26131958,555.611806,0,6.32186805979031
27.1961304,-10.29530928,-77.096906,-12.445703,243.458998,0,5.49904759751064
11.62817912,7.98711919,-74.88342421,-15.67425754,0.236129,75.160402,0.21198472252148
2.295506705,-28.01378975,-77.90122124,-10.62724543,1219.382649,0,7.10691973527176
29.08086074,16.2511164,-81.29753375,-3.95116667,215.375329,0,5.37701453400359
46.34153001,-54.0648539,-79.0367,-9.18913781,17.276623,22.538286,2.905622811542
49.32739444,9.194987009,-76.86100524,-13.28996929,119.759822,0,4.79380363083954
58.69575844,-37.36815096,-79.06716667,-9.45216667,3.660264,0,1.53907209889339
19.71286336,-9.905552233,-76.95776958,-12.60410292,1.095751,0,0.739911961691865
32.73044727,-22.99640982,-77.4781875,-11.92402083,26.026472,0,3.29681683012705
53.80489601,-1.561414172,-76.75820896,-13.47837563,7.690063,0,2.16218018896333
32.04455155,-1.6864014,-77.94598417,-11.215,58.824711,0,4.0914188030264
86.64566537,-13.62983289,-79.37268333,-9.38495,14.233244,0,2.72348014488225
23.31779984,-43.85442172,-79.79930875,-7.457,598.21876,0,6.39562674012413
42.5287495,-40.05551641,-80.2904038,-7.01599092,32.043174,0,3.4978150094141
7.541953078,-67.43519401,-79.82548138,-7.06608529,4.149625,0,1.63892389649048
8.535073431,-25.49784133,-76.76233333,-12.648645,2.943686,0,1.37211581896652
33.12422149,-32.88177615,-79.78932343,-7.69009505,6703.069063,0,8.810469943869
3.897682032,-24.70059775,-76.54895669,-12.96935997,69.125268,0,4.25028318558244
29.55088015,1.189193342,-76.78326583,-13.01133333,539.018324,1277.471489,6.29160307231593
7.938007216,-22.78544268,-77.71222612,-11.34071667,32.906379,2934.309686,3.52360316777589
7.722095486,-67.43077069,-79.81455745,-7.07936844,16.872911,0,2.88328621461771
93.84119809,-7.457661237,-79.43084167,-9.419525,91.382476,0,4.52593730698145
4.913065514,-1.53321903,-75.01980976,-15.50539309,1.291684,46.403036,0.829286918492285
7.212392691,-45.53103233,-76.25673333,-13.53414868,6.191314,0,1.97287390886027
81.19125643,4.791838398,-78.8976525,-10.31181917,3220.724159,0,8.07767194834018
6.096439078,-24.62788994,-77.69723333,-11.3329,77.754599,1196.421514,4.36633667600053
35.60628845,16.29896743,-75.69877348,-15.22827348,222.079503,0,5.40752822361857
48.54509444,11.12359003,-78.11012716,-11.07628025,162.680808,0,5.09791823865252
35.69748422,-5.773814714,-77.48586747,-12.16804207,89.732726,0,4.50791810791921
7.789039656,-25.1824428,-76.58590833,-12.90040833,395.895216,0,5.98367230630242
25.58639561,-67.23499856,-78.67092026,-9.46520359,0,0,0
17.47225691,-94.94282087,-78.94149366,-8.63232183,31804.67849,0,10.3674001216947
5.009960035,-39.9475121,-80.3568624,-6.55810698,437.762326,0,6.08395786783276
13.43181597,-87.07681604,-78.77501181,-9.03302847,0,0,0
11.88271913,-10.34667784,-81.12049919,-5.42041667,577.929454,0,6.36118062904441
27.46591687,-6.54885584,-77.89998458,-11.18898458,17.927704,0,2.94062666890581
5.529628434,-89.03509589,-79.205325,-8.06349167,157.827348,0,5.06781775061014
14.302388,-51.16436699,-79.64229686,-7.60266667,21.820483,0,3.12765850985411
22.47635634,-79.27999287,-79.12299167,-8.513825,24.190761,0,3.22647730030915
16.06300463,10.50877884,-81.29833333,-5.94865208,119.673882,0,4.79309171695009
3.222039118,-2.255695738,-74.66801208,-15.68098792,8.898692,231.979843,2.29240262719965
34.56066712,-48.43597105,-78.67499125,-9.69916667,0.231182,0,0.20797468355262
24.07521529,7.298955719,-75.60614958,-15.173,235.957446,0,5.46788057227099
14.05086959,-23.8484818,-76.97801916,-12.37781916,234.284079,15.037692,5.46079363088567
7.075610475,-25.98036969,-76.7925,-12.588,64.488734,0,4.18187812784751
35.34018767,2.464688546,-78.34833333,-10.47583333,12.829564,0,2.62680861951089
2.403637394,-28.64137712,-77.8728,-10.66925,305.293848,0,5.72454492875293
7.577331524,-4.776660787,-75.30516667,-15.307,2.559806,0,1.26970604899704
26.58929846,14.10312871,-81.3872,-5.83655,161.022634,0,5.08773604152239
3.838496193,-32.59168163,-76.30076667,-13.75549894,1230.459745,0,7.1159555292472
3.632044705,-16.40919525,-75.6974025,-14.8440975,0.559936,0,0.444644794778845
56.99102831,4.269669425,-76.80221,-13.50516667,149.828883,0,5.01614596906422
25.33482705,16.46907911,-73.19915042,-16.67981708,14.392166,0,2.73385867868848
18.37828302,5.256261241,-81.36107697,-5.21116667,2.69508,0,1.30700220504536
19.00854589,13.60517344,-81.32398667,-5.97066667,0.057122,0,0.0555501212304473
17.24732281,-19.8741744,-77.85971891,-10.93079279,17.488734,0,2.91716157361195
57.00686966,24.09415873,-77.00822208,-13.13816667,118.993378,0,4.78743655792606
3.086074568,-7.825266067,-73.61841667,-16.2635,2.214783,60.371551,1.16775985929964
7.625505683,-27.68869926,-77.70633333,-11.17867917,1.286784,502.66645,0.827146463706624
66.23310026,-35.11888122,-79.54555461,-8.51506064,466.046206,0,6.1464281949586
4.580334583,-0.771093479,-73.14653833,-16.48996167,0.105183,1.330124,0.10001093211748
15.83672172,5.640002855,-73.49811917,-16.42511917,4.604175,259.321829,1.72351185568169
17.85437178,-11.73554183,-76.94306125,-12.5955,4.441248,0,1.6940084463217
44.3897768,11.86815343,-78.065315,-11.2835,15345.26101,0,9.63862714093391
4.416187144,-60.0930048,-79.60083333,-7.497895,0.100183,0,0.0954765296037933
40.01454441,1.747951921,-76.78693333,-13.24661667,1.811714,0,1.03379426180579
76.20286575,-1.450497767,-80.43476517,-7.34426517,7.342495,0,2.12136233230249
33.31523317,-19.44709826,-76.59266791,-13.38450125,0.350061,475.495226,0.300149776614703
18.88288597,8.39982137,-81.45823333,-4.7915,2.568426,0,1.27212460220963
4.024046649,-3.854308786,-74.33256667,-15.88281546,0,28.213181,0
8.870001635,-27.35557126,-77.71998583,-11.0845,6.752174,1994.038706,2.04797332015699
26.48999992,21.59816298,-74.95676,-15.79076,8.644232,0,2.2663600164377
6.188937817,1.648064433,-75.04084417,-15.5155,0.134523,0,0.126212298280387
3.648419707,-60.6894287,-79.60402161,-7.48131172,6.538666,0,2.02004524329021
30.07169439,-13.09675347,-76.55982559,-13.60339613,157.939365,590.936791,5.06852277728573
32.61412635,1.309928367,-78.32725125,-10.46216667,1649.385656,0,7.4087642704929
5.466905339,-23.85678748,-81.15423542,-5.02143125,0,0,0
2.185237664,-14.49816898,-76.41912568,-13.88451802,3165.343571,0,8.06033275350456
5.951411253,-16.37441644,-80.85725,-6.30680733,950.932807,0,6.85849445141807
45.36247346,-37.68373075,-78.76273083,-9.75019875,655.483667,0,6.48689781453009
29.074414,-55.60621501,-79.5582055,-8.03675275,1547.749692,0,7.34520323407328
15.65098922,-14.89680847,-77.99457542,-10.70590875,2.418845,0,1.22930277473626
6.941618492,-26.51094581,-76.6216653,-12.8425347,89.540343,0,4.50579553038146
9.884061738,-29.17027834,-80.95005961,-5.63151667,141.462094,0,4.95907595730502
4.224659586,-0.8803373,-74.62255458,-15.70594542,31.149962,92.769269,3.47041126872337
4.082851169,-53.76724616,-76.23421667,-13.4185636,79.301416,0,4.38578725467022
28.72936132,-18.60870291,-77.69413125,-11.56813125,117.501662,0,4.77492698579329
8.181970524,-47.24430072,-76.2675,-13.48040667,387.004341,0,5.96101652770502
25.94857801,-8.322892494,-77.88465125,-11.18066667,9.900852,0,2.38884095131798
12.57660969,6.133656774,-81.3172925,-4.16516667,71.645678,0,4.28559389753777
8.794015833,-45.07107871,-76.27133333,-13.51394833,867.814601,0,6.76712975497768
32.05331149,-8.645441868,-77.45556905,-12.15260238,187.72234,0,5.2402768343443
7.137246545,-51.67495506,-78.30983333,-9.87766417,0.09035,39.776487,0.086498745616617
2.378239576,-28.3645851,-77.88248575,-10.65531425,259.887156,0,5.56408796134099
29.03087981,4.305751207,-81.29678734,-5.6329,1975.771112,0,7.58922004105083
9.271581786,-43.12972992,-76.275,-13.54753083,1469.563973,0,7.29340126129802
10.75640061,-91.68538666,-78.84196708,-8.8305,26.634567,0,3.3190674166262
5.436714228,-97.37067107,-79.03155,-8.2431729,4.403431,0,1.6870341221783
3.776929064,-65.9070461,-79.62116667,-7.36422917,22.546949,0,3.15899625792944
8.420192119,-38.50103193,-76.284,-13.63390375,1106.541453,0,7.0098979305642
8.753620253,4.560095942,-75.07063583,-15.5328025,0.867219,0,0.624450158162479
31.89233617,23.04314154,-73.23106417,-16.73056417,221.292742,0,5.40399517086449
6.16970319,-14.88254979,-80.88219485,-6.28438849,4548.357924,0,8.42274138638286
2.53680485,-2.935339442,-81.17488333,-5.97740673,53.579326,0,3.99965516635821
3.885260339,-106.4827627,-78.85385965,-8.54483684,12.012264,0,2.56589229736932
46.10982869,13.40415209,-78.32689667,-10.70789833,11122.435,0,9.3168094229816
6.834249239,-95.69688772,-78.80342625,-8.82174042,3.270575,0,1.45174847859618
22.67391993,2.200131637,-76.07214899,-14.79121616,466.778934,0,6.14799582107112
1.758217852,-67.27811549,-79.46990369,-7.73405929,37.327167,0,3.64615896588608
66.52133037,-9.157812026,-78.77728,-10.24311333,1522.572248,0,7.32881301968403
38.51500918,-21.46983421,-77.58938103,-11.76186667,972.090431,0,6.88047701825786
26.41961274,14.45338364,-73.55168375,-16.51251708,0.239981,13.156828,0.215096056918908
13.50557774,-5.30455812,-76.43867895,-14.02395088,65.049943,0,4.19041116798537
34.37223674,24.36087494,-76.55765195,-14.33566667,366.395249,0,5.90643824128751
21.04735365,10.96256485,-73.36437083,-16.58270417,13.127498,6.789331,2.64812311095399
17.42737785,-0.989052328,-81.2217823,-5.42209115,102.637797,0,4.64090209919628
11.67774676,-6.013930836,-72.7775,-16.74066667,2404.815751,1648.324654,7.78564431463306
10.98708566,-93.13076814,-78.755,-8.94811458,1.795501,0,1.02801133920226
22.34433037,-12.36045333,-78.34012022,-10.24757678,180.282914,0,5.20005887173126
8.830124086,-2.879473413,-74.69476667,-15.72483333,0.781693,7,0.577564035868055
29.37898928,-36.47763791,-79.75991931,-7.67300966,1230.571292,0,7.1160461062626
12.58128937,-80.0387353,-79.28414917,-8.08582458,4104.28146,0,8.32002958470048
12.49033082,-44.69201041,-76.30687553,-13.4595961,2136.814114,24.9881,7.66753914393237
43.46946328,-31.24927682,-80.17325536,-7.19209435,0,0,0
2.344978333,-62.94035014,-79.61066667,-7.43093682,36.547062,0,3.62559513280551
7.134520056,-29.13718335,-77.70515292,-11.07583333,0.599929,92.458902,0.469959253261136
20.95591924,-27.18537689,-77.61829875,-11.52883333,47.618564,0,3.88400543328109
22.71600753,-15.16885738,-77.05215293,-12.42085293,346.073673,0,5.84953707153244
1.268026874,-17.24243856,-76.36225,-13.93296667,229.457466,0,5.44006631612492
26.69017189,-32.51554363,-77.49618785,-11.70710451,323.602868,0,5.78260249053129
2.60190615,-28.95610069,-77.86303333,-10.68316667,488.367456,0,6.19311365104515
55.94887993,18.5450706,-78.16884922,-11.11031589,4781.548697,0,8.47272888359399
27.24696173,-57.48777423,-79.54322033,-8.02850183,6055.2518,0,8.70884637285265
7.299663152,2.200724007,-73.45389083,-16.3525575,43.714545,0,3.80029884019007
4.571827188,-15.52488993,-75.71866667,-14.8375,334.373101,96.667046,5.81524364641146
45.60650218,5.85055937,-76.83170842,-13.27227088,4.407738,0,1.68783089082152
13.02570294,-6.691221138,-81.15433797,-5.42103333,102.327778,0,4.63790624607557
33.44954735,22.19161899,-73.96916375,-16.42633042,39.181573,0,3.69340850745076
43.94997741,14.31227337,-77.14976792,-12.71593458,22.288826,0,3.14797367472534
25.45033759,-59.34284866,-79.52853659,-8.02023496,2498.217699,0,7.82373304148649
6.735713119,-7.669813074,-81.2497602,-5.17909727,0,0,0
26.80881576,17.35166954,-81.54306792,-4.79266667,0.158454,0,0.147086357584921
4.067231862,-63.01063262,-79.5351422,-7.58414894,44.341325,0,3.81421886829596
6.544135174,-1.810482993,-81.20998708,-5.87482042,1055.34444,0.203388,6.96256958532538
3.851183711,-7.282657831,-81.16652833,-5.84833333,18.120446,486.06504,2.95075823371103
27.74223991,16.48360778,-73.94333083,-16.38133083,2.493346,0,1.25086001617241
24.58665517,-12.71609002,-77.91815314,-10.96645157,1291.122124,0,7.16404120309532
36.28679826,-1.665741248,-76.75698937,-13.22956968,7.894909,3.117836,2.18547909059891
5.632378939,-6.005800219,-75.43727667,-15.12905667,0.3847,0,0.325483509678531
9.85214183,-45.46164499,-77.28766667,-11.8145,568.695654,48.583138,6.34510227788081
3.810652925,-15.85390138,-75.74316667,-14.815,3.406711,9.29081,1.4831286062192
45.34892098,24.83363144,-78.60007333,-10.14240667,5.106724,0,1.80939045918009
43.96018071,12.62397815,-78.19574333,-10.86857667,227.053014,0,5.42957811947029
14.60395467,-9.005375466,-74.04695,-16.17053333,1.501115,107.380032,0.916736632445717
13.45195424,9.871383189,-74.8925,-15.6888425,0.227343,74.811326,0.204851670266024
10.00541082,-93.60452336,-78.76683333,-8.91631333,0.373346,0,0.317250097951762
28.20179774,6.997149509,-76.11566537,-14.8186987,331.335794,0,5.80614588547896
67.64376189,-4.872478641,-80.06559937,-7.8504827,0,0,0
6.684827349,-67.61075472,-79.84695433,-7.03983868,767.3744379,0,6.64427716368306
9.179888311,1.936707824,-73.85483333,-16.23674833,30.154747,409.499091,3.43896662527632
36.5067583,-10.23087056,-77.76413042,-11.613,328.226413,0,5.79674569948471
3.743672346,-108.6180283,-78.82855833,-8.5656875,1229.506726,0,7.11518133588687
4.721267189,-30.36338396,-77.01517643,-12.25954512,34.406861,0,3.56690561491963
6.95980332,-58.58421628,-79.58282478,-7.56944986,22.188621,0,3.14366168421255
12.31946932,-25.56615519,-76.96313529,-12.36938431,427.710551,0,6.06078198491759
51.44393881,21.79366045,-77.20893417,-12.75083333,461.554578,0,6.13676455647675
49.20884661,-34.2875233,-80.34308333,-7.04668644,6.515699,0,2.01699403285146
8.854347757,1.440878488,-73.12071053,-16.54837719,0.145887,42.666039,0.136179009591428
19.71668991,10.82652442,-73.17306417,-16.63523083,2.736783,0,1.31822508084838
30.29631662,-16.92814543,-77.70858958,-11.57708958,515.20876,0,6.24651125730712
28.99381425,-1.199500776,-77.031955,-12.64589417,29.060774,0,3.40322113249634
1.605800289,-66.27448396,-79.47968833,-7.72042333,43.719833,0,3.80041709449282
23.26495986,0.733878625,-75.7296039,-15.02449362,100.287105,0,4.61795910798904
36.74742324,-36.74512133,-79.99058398,-7.31841699,399.604964,0,5.99297581456783
3.676564635,-6.394377875,-73.469585,-16.31308167,0.224114,14.75631,0.202217317008031
22.97102982,-36.12712987,-77.46624108,-11.69093721,14.282075,0,2.72668057294792
22.08797091,8.947199362,-81.3946,-5.21109726,1.603424,0,0.95682750172172
44.85228579,-57.30193417,-79.29915542,-8.61648875,8.814323,0,2.28384284929241
11.2263651,-38.09428012,-76.41295721,-13.28279055,71.827448,0,4.28809291711061
8.087094758,-25.71915911,-76.7695,-12.63316667,13.693677,0,2.68741726519522
6.409815413,-25.67860068,-80.96696667,-5.50671667,66.779265,0,4.21625632221335
5.716582517,-33.49396802,-76.2986,-13.73855634,1685.68788,0,7.43052205060941
46.41052973,-8.77834186,-76.69846,-13.44483333,60.577961,0,4.12030403054835
22.5432315,-8.916929561,-78.02290875,-10.77507542,14.01456,0,2.70902039697662
8.177109056,-25.44620712,-76.59419872,-12.88560128,1018.187978,0,6.92676148922243
11.4265941,-43.89363767,-77.30006333,-11.82233333,18.515901,0,2.97122956917991
53.14323125,-42.97497398,-79.0309,-9.41466667,7.686526,0,2.16177308949763
38.15830123,6.813045314,-78.1501604,-10.8415,10.885633,0,2.47533035980616
4.428096195,-91.96240413,-79.16516667,-8.08334167,28679.50841,0,10.2639730215439
7.251797149,-30.11250763,-76.33554833,-13.72554833,370.074576,0,5.91640305588402
3.372250239,-62.34248279,-79.55209907,-7.55440093,8.848861,0,2.28735581398004
7.53576834,-95.94643784,-79.02216667,-8.31774792,6.829325,139.956503,2.05787629939013
36.49380245,6.895636073,-77.09093542,-12.68116667,4.297258,0,1.66718932819143
3.482315633,-8.578024451,-73.57158333,-16.27933333,0.160519,35.375865,0.14886731885167
8.072957604,4.240361087,-74.866,-15.64500958,2.719277,83.502369,1.313529294557
8.547444242,-92.4373575,-78.71833333,-9.04272833,47.243329,0,3.87625755915897
11.60307543,-21.06441116,-76.61972625,-12.91883333,206.25666,27.879352,5.33395792860162
39.63083952,-72.7277707,-79.12931475,-8.74595737,2.470553,0,1.24431394725559
32.68286416,-40.66303732,-79.72270708,-7.86270708,502.013699,0,6.22061740432133
9.26317205,-42.81789706,-80.68075167,-3.58475167,0,0,0
23.63205918,-61.19678263,-79.51405337,-8.01168502,257.862423,0,5.55629673524245
3.030240577,7.122697351,-72.50858144,-16.71531667,2.916195,24.369064,1.36512051913841
8.278017439,-92.44326378,-78.71233333,-9.05848917,57.90214,0,4.07587742276492
9.248272805,-10.82651955,-76.39412265,-13.99792799,435.930982,0,6.07977524669562
10.44072425,3.274887079,-81.28375042,-4.16441708,20.572627,0,3.07142524250781
3.221973033,-9.990317984,-72.90491117,-16.56165275,415.937022,0,6.03293518401427
30.88019834,1.556001952,-77.04685208,-12.65466667,375.027235,0,5.92966157427735
3.897851504,-4.605173436,-74.06704333,-16.03079,1.440358,18.777323,0.892144749854067
67.52280727,-17.79903568,-80.48871463,-7.13044065,480.624082,0,6.17716389689727
31.25145843,1.474090771,-78.21047485,-10.63867909,20.130994,0,3.05074087264173
26.34725645,5.260709684,-76.10141187,-14.80912854,215.035822,0,5.37544423652639
2.45395811,-30.53241171,-77.82316054,-10.73754558,4480.784905,0,8.40777666235698
8.560401715,-34.22076033,-77.56907417,-11.42792583,0.053662,914.439956,0.0522717155773917
15.1755494,-65.29785943,-80.07028438,-6.89143438,0,0,0
3.266421865,-0.228041466,-75.107,-15.45465,29.954572,42.39446,3.43252071035324
8.162612758,-12.12390594,-76.1745,-14.41126244,0,104.378934,0
23.31412965,-9.837612289,-78.25108458,-10.42458458,1333.312895,0,7.1961717529451
22.22849735,5.479599728,-75.59165,-15.16398333,373.907548,0,5.92667945690809
4.103091393,-3.382677231,-73.11316,-16.4995,6.084583,0,1.95792101467093
17.04883191,11.55770159,-75.08055,-15.60755513,17.590622,0,2.92265726002246
4.042460962,-16.01481924,-75.72190208,-14.82909792,77.068123,79.641145,4.35758181731723
23.72802366,-31.4155724,-77.40366667,-11.88227083,26.728321,0,3.32245430965177
11.16137121,-1.890243253,-81.23963728,-5.83653333,26.901044,0,3.32866410748207
42.9820888,-59.12156272,-79.28444722,-8.60794722,0.508212,0,0.410924843259199
12.85128468,0.925632935,-81.25656667,-5.83615,106.136517,0,4.67410388105749
91.05899758,3.393910464,-79.12882083,-9.9574875,4.128686,0,1.63484948602226
24.12954445,-23.74102059,-77.64838167,-11.54504833,445.786048,0,6.10207984020794
17.55741174,12.15380443,-81.31140208,-5.9595,0.824762,0,0.601449567571302
2.612981715,-6.197442005,-75.21338167,-15.34554833,10.162823,412.839054,2.41258888195419
8.534289447,-24.90011058,-76.67806426,-12.81526907,0.112342,0,0.106467702500202
33.89580766,24.0700724,-75.5875,-15.376,0,0,0
40.67524849,-41.66997466,-80.27552491,-7.00803746,110.651889,0,4.71538589708617
59.46636167,16.53676774,-77.97733872,-11.73116667,0,0,0
18.86713158,-10.43768122,-74.06801331,-16.20392997,1.375965,120.38031,0.865403670752171
22.80169253,-11.26609401,-73.5342875,-16.48312083,0.097312,85.244768,0.0928635528884749
10.57755052,-40.7595492,-77.24114875,-11.94153583,0.271888,0,0.240502410726809
5.357148063,-3.610206884,-73.75624875,-16.24233333,0.124333,14.290123,0.117189970939376
31.48859192,-51.93213781,-78.651,-9.67828333,0.014641,0,0.0145348553477884
23.57218764,4.670793811,-75.93839875,-14.91056542,24.554049,7.887732,3.24079577767532
63.01643261,-3.728276568,-80.11986,-7.64183333,0,0,0
32.46345918,-5.759710174,-76.61986017,-13.63676233,46.600368,243.516958,3.86284049229993
30.47561745,14.02557592,-81.37377009,-5.4238,3580.143153,0,8.18343734490454
54.28669654,16.73588705,-77.50950875,-12.43350875,15.790525,0,2.82081473921287
36.72818733,6.346421073,-76.84276525,-13.04516667,2.304908,435.912431,1.19540863630501
9.812045429,-92.96317911,-78.74846841,-8.96386492,8.79915,0,2.28229564722098
6.964729771,-97.30737507,-78.992,-8.39658146,6238.664179,0,8.73868164244731
8.570323566,-21.75223152,-77.94757542,-10.66083333,0.746156,121.098848,0.557416800505236
4.923807181,-41.44002722,-80.34131441,-6.56454045,24.376687,0,3.23383091791069
29.63640219,-1.738320876,-78.08291,-10.80233333,522.233913,0,6.26002861646744
16.89861218,-10.7963639,-80.66955065,-6.51994466,3586.715706,0,8.18527098536833
29.91769111,-71.91759027,-79.18186617,-8.54766667,170.254751,0,5.1431522198232
24.18029742,-13.55785199,-77.06707288,-12.42901977,137.943886,0,4.93407015378105
9.13004959,-1.166507974,-73.46205708,-16.36739042,51.014171,1.034845,3.95151620068558
32.33303206,15.69468252,-76.60331158,-14.12109746,516.2366512,0,6.24850050904276
24.50250686,3.686598468,-76.08689483,-14.79996149,722.469288,0,6.58405809596529
38.83916005,-63.78263488,-79.06262667,-8.9585,145.574319,0,4.98753259675386
17.40044237,6.619571073,-81.44160792,-4.79133333,2.228315,0,1.17196032928985
75.65451732,-35.04413093,-79.43367879,-8.92945606,6520.500997,0,8.78285984268926
27.17468326,-8.895504959,-77.27009167,-12.30016667,1.97156,0,1.08908706744304
22.73426779,-14.57845836,-77.90325771,-10.95769552,3656.51011,0,8.20453789707364
5.479455719,-32.11423274,-80.44411947,-6.5175236,191.815473,0,5.26173363310563
3.407734051,-5.151969237,-73.094,-16.50466917,0.596089,19.85747,0.467556261883868
3.812977639,-16.19095668,-75.7096525,-14.83651417,0.414205,0,0.346567535749565
28.50666737,-38.22318465,-79.84168375,-7.48535042,38.352674,0,3.6725639268113
15.29735092,11.49662238,-74.9015,-15.70350623,0.359743,73.403291,0.307295711302534
8.65861779,-19.21615788,-76.05507398,-14.506,0,282.787885,0
39.91776554,8.64231936,-78.16665958,-10.84599292,92.799042,0,4.54115464274041
4.201826463,-1.827426003,-73.89983458,-16.15966667,12.095705,1098.063775,2.57228431385299
30.48454184,16.969094,-81.31424208,-3.95133333,1.808289,0,1.03257540109556
4.238284747,-4.17876466,-73.8702525,-16.17787375,1.839457,1050.546818,1.0436128367095
22.16887498,-79.7774099,-79.1792,-8.30516667,21.143426,0,3.09754065785652
8.482028685,-28.82040958,-77.69816667,-11.14467958,0.637245,507.326853,0.493014951210004
5.849241931,-64.24417474,-79.64214542,-7.35981208,1181.42487,0,7.07532258346394
37.75702012,-43.81651649,-78.59998183,-9.88743183,1266.900997,0,7.14511805387321
27.78821683,22.757491,-81.53337625,-4.36266667,76.404649,0,4.34904684339136
3.571764461,-4.003295632,-73.70438417,-16.27411583,116.666934,0,4.76785804021728
19.57428274,-19.92034581,-77.35055121,-12.09639227,0.948159,53.461489,0.666884824066026
8.544832264,-20.98874895,-76.86960375,-12.552,332.283571,0.465213,5.80899369216961
7.931216373,-43.42001622,-76.36438375,-13.29178292,1093.349595,0,6.99791548860733
23.16764242,-11.70644609,-77.854485,-11.16316667,1.091978,0,0.73811002989499
55.9424286,-19.3899631,-78.68898875,-10.19265542,12.381979,0,2.59390895108724
63.84120563,-23.33518618,-78.5705,-10.61241915,0,0,0
24.82991581,-34.31908476,-77.48120784,-11.69902059,56.211992,0,4.04676352676184
8.915846219,-31.22264548,-77.2505525,-12.04783333,87.529829,0,4.48333954607246
34.44459399,17.87358965,-76.62064583,-14.13131458,2289.451372,0,7.73650418280237
18.27902532,-12.34897264,-78.10751079,-10.58031079,4465.336459,0,8.4043237674486
28.69072428,-8.6351192,-77.11148924,-12.45450295,528.49922,0,6.27193169195256
10.60716863,5.903755188,-74.02908056,-16.13661111,0,232.233238,0
13.02638094,1.166536453,-81.39085833,-4.79183333,8.66805,0,2.26882663452832
2.819008236,-24.78335414,-76.37071417,-13.7750475,3266.494754,0,8.09177883998829
27.84221303,2.135216924,-80.98583704,-6.45727685,8309.461091,0,9.02527037259178
2.634572151,-27.85510388,-77.91034395,-10.61304543,24.005917,0,3.21911247686391
8.579406638,-1.255979203,-73.47061418,-16.3594,0,24.979297,0
12.09562578,-7.151730143,-76.42373949,-14.01495616,203.764584,0,5.32186094852379
17.87252334,-21.69303773,-77.33576563,-12.08799896,5.049492,35.486958,1.79997430157518
42.70619015,10.20982725,-78.04963083,-11.27481542,426.228245,0,6.05731840203341
47.59816549,-36.01692223,-80.33241667,-7.0345388,106.786984,0,4.68015690906995
8.147750878,-24.18967933,-77.69003167,-11.36496833,93.730622,936.634042,4.55103730589566
42.10850923,10.76231461,-78.18099292,-10.86015958,107.961479,0,4.69099441609763
16.86428235,14.12143889,-75.15076392,-15.57809726,0.110591,0,0.10489230606482
29.40252885,-2.176544868,-78.1956441,-10.63061372,137.708037,0,4.93237127084751
8.362862586,-25.12650577,-76.733,-12.70993625,19.671047,0,3.02873402553132
6.902900143,-46.58075819,-76.25388946,-13.51755783,45.951668,0,3.84911873217975
2.941542781,-77.5731187,-78.39583333,-9.62158167,8.093202,4.989546,2.2075271013876
37.33769811,-64.6232328,-79.2403655,-8.5815,76.229645,0,4.34678338591128
32.13915424,1.252871832,-77.90708275,-11.44561638,2.633812,0,1.29028223500889
20.44517539,-14.07833998,-78.32493218,-10.23926551,2672.096211,29.357481,7.89099270913127
2.450973488,-67.13058573,-79.47467812,-7.6883229,81.462863,0,4.41234804654021
16.80510747,3.690096685,-81.34685741,-5.21058333,59.547431,0,4.10342704135335
7.499068357,-50.25822861,-76.26228706,-13.43446019,101.8254,0,4.63303240421347
25.3274702,-10.62726593,-77.25550792,-12.29116667,20.553425,0,3.07053473663591
8.827646004,-94.18355952,-78.77866667,-8.88494862,8.023115,0,2.19978961813784
20.4077945,-72.81916313,-78.7676525,-9.27481917,0.147197,0,0.137321575797038
18.08852278,-47.42830778,-79.67213226,-7.6200578,35.44213,0,3.59572552293377
66.91389561,-43.69422198,-79.36172442,-8.88649108,7.514785152,0,2.14180408208758
8.44891387,-46.14529853,-76.26936458,-13.49703125,1911.891114,0,7.55637104884488
33.04051943,-40.45299725,-79.96139348,-7.30156341,182.676398,0,5.21317550274728
26.9709673,-46.5127549,-80.04192167,-7.1154275,5003.813908,0,8.5181555098393
38.29979779,5.725937686,-76.70846965,-13.68920149,703.467028,0,6.55744152825626
8.561339178,-30.27373878,-77.61453208,-11.40413458,66.683509,0,4.21484256088068
23.8031266,-31.7127284,-76.41031203,-13.51911203,11.758855,10.014559,2.54622554034803
21.98321498,3.194417295,-75.92335708,-14.90202375,17.669597,1.187172,2.92689637188949
4.729291561,-73.15988492,-78.37916792,-9.66933208,7.958885,0,2.19264577727901
14.89788474,-53.27083676,-79.72616667,-7.41289292,0.979101,0,0.682642701194848
34.19737829,-2.415865491,-76.64974697,-13.65348182,23.151929,194.425431,3.18436425268508
6.171417938,-95.86441184,-78.99103978,-8.43766667,0.577267,0,0.455693602463986
16.1532073,3.924074916,-81.28985299,-5.83846667,566.583222,0,6.34138738530002
6.221492269,-17.61736147,-75.56274848,-14.93880303,7.221722,775.332407,2.10677967617942
4.683584815,-5.492191906,-75.41794375,-15.15672292,6.279988,0,1.98512921385559
16.23710536,0.670539624,-72.95545535,-16.67091606,528.477042,30.050423,6.27188980621668
3.987526118,-99.54995093,-78.93718053,-8.48713474,222.048646,0,5.40738989116804
4.947789687,-14.061242,-76.17655,-14.36083333,96.022147,1524.3463,4.57493927203006
1.588645367,-18.88585433,-76.40117596,-13.83661858,978.712197,0,6.88725885200261
8.572182031,-35.6248481,-77.55399046,-11.43600954,64.175779,932.265662,4.17708791218389
19.40502392,-18.58317876,-77.02258894,-12.40368894,141.868837,2.987056,4.96192698557656
84.59133764,-26.32265405,-79.50632342,-8.97311171,953.636369,0,6.86133050252614
2.946007085,-62.1787114,-79.6085,-7.447645,43.647977,0,3.79880899834534
7.914211317,-85.51937952,-79.23845,-8.066,5.167756,0,1.81933507646428
54.20269829,-21.15588952,-78.6743225,-10.18398917,4581.606996,0,8.43002332826834
33.78836854,-13.94780742,-77.73238083,-11.60066667,30.115963,0,3.43772096724496
32.48987827,11.27833445,-75.81923725,-15.0755915,237.364291,0,5.47380013789831
5.503030469,-28.95988678,-77.09130446,-12.19840446,335.375036,0,5.81822671607048
40.67168391,20.07074184,-75.89440481,-15.11808574,15075.26854,0,9.62087716664547
4.763098703,-65.6774507,-79.49220733,-7.65848534,348.681715,0,5.85702335502713
25.10322155,6.253328291,-76.6327135,-13.88988017,0.297813,0,0.260680540106526
4.261787401,-5.201894538,-75.40802785,-15.17080549,35.324066,0,3.59248049680644
86.45589736,-24.60446964,-79.52152667,-8.98171333,5287.943862,0,8.5733738569049
83.37617286,-4.046136462,-79.06719625,-9.92369625,1264.325501,0,7.14308468110578
25.69905146,-11.99985676,-77.08200931,-12.4373031,531.88871,0,6.27831260311472
34.50788135,3.151744719,-78.12083333,-10.8255,1.976393,0,1.09071216470377
5.942092755,-3.748273777,-81.34795896,-4.58316667,27.242907,0,3.34084234642066
6.239144525,-2.908129158,-73.67413409,-16.29136591,0.01881,0,0.0186352795441729
4.308046835,-64.56206159,-79.508691,-7.62743467,387.091631,0,5.96124147411246
5.273917782,-12.54928415,-75.50171667,-15.02056667,5.308992,18.165627,1.84197591735807
88.44846631,-11.9387267,-79.38735372,-9.39339353,31.86652,0,3.49245451045588
10.04142412,-16.26403395,-76.06342583,-14.53925917,0.776478,20.913239,0.574632752501335
35.70658574,14.74493126,-75.84910158,-15.09283386,120.206899,0,4.79749899445744
7.815345563,-35.29752584,-76.29336167,-13.69916667,3671.771448,0,8.20870181899933
53.91856369,21.19290323,-78.38973333,-10.74161667,2143.324081,0,7.67057966795043
8.79946863,-7.769083093,-74.16483458,-15.98883333,4.349041,82.394496,1.67691729250385
7.632428071,-36.14784656,-76.28966667,-13.68386167,5067.140379,0,8.53072924014976
25.73612961,-76.79784263,-78.96042121,-8.89758788,5690.57934,0,8.6467430527542
11.98839892,-27.79554588,-77.28188542,-12.06138542,15.761028,0,2.81905642968844
7.650448019,-44.45122726,-76.25976667,-13.55065968,76.559063,0,4.3510397493319
27.02165388,-7.317759801,-76.68273922,-13.18658627,9.332037,403.108844,2.33524945633442
8.002876845,-92.55452058,-78.73021875,-9.01111458,69.957401,0,4.26207971106225
28.70712631,-26.13019149,-76.45561472,-13.54356667,201.12732,258.243444,5.30889779587716
36.97737782,-65.62086384,-79.04775167,-8.95041833,318.018338,0,5.76524858702601
6.005675532,-1.641056677,-74.51206926,-15.78148074,1383.167229,0,7.23285395908055
23.92901182,-2.109829119,-81.23403812,-5.63171826,23.562093,0,3.20120431951764
49.90208707,-23.6587568,-80.09331944,-7.37955278,3215.02704,0,8.07590203822371
25.41672692,-29.8590955,-76.42510417,-13.52759375,50.598188,232.465022,3.94348655559186
6.293058327,-68.01601891,-78.3635,-9.71749667,0.351761,9.668335,0.301408186846275
23.51157223,6.463678341,-76.52854636,-14.07847969,38.469144,0,3.6755192020821
5.511254161,-30.85486496,-80.45940214,-6.51020726,1186.742385,0,7.07980962876464
32.62434346,-12.6655864,-72.66685,-16.95271472,98.886903,0,4.60403857595891
39.14778929,-6.50005911,-77.79588042,-11.62566667,96.375229,0,4.57857185592114
5.3805478,-33.43417937,-80.42883476,-6.52475762,259.019194,0,5.56075545136766
8.687982037,-25.38821869,-76.75502125,-12.66397875,27.11759,0,3.33639535914448
11.12310358,-12.1690509,-81.10363333,-5.41985,748.339884,0,6.61919266430014
23.37417989,-59.89226686,-78.58107,-9.6465,0.070635,0,0.0682519303912139
12.11971618,5.708194824,-74.70958533,-15.75107066,1565.639332,0,7.35668805121825
20.45047712,10.15306558,-81.47515042,-4.7925,0.149122,0,0.138998172516333
29.61587724,12.13623065,-75.65038167,-15.20033333,24.955848,0,3.25639694067767
4.151700379,-15.90762165,-75.72233333,-14.83002667,845.16087,718.292557,6.74070949519361
6.718129158,-75.03222535,-80.00669767,-6.83020233,1.898865,0,1.06431928107321
12.07462946,8.700140508,-75.10530583,-15.55263917,0.573954,0,0.453590924663454
17.6304615,-20.33540107,-77.00788643,-12.39500619,77.395979,210.781618,4.36177263777577
14.12766795,-15.42989702,-76.91372833,-12.578,276.270403,2.886436,5.624993214145
28.5474721,-30.72175972,-77.5111451,-11.71517255,408.945688,0,6.01602468263097
79.26348657,-31.54150766,-79.46337333,-8.946095,6737.672183,0,8.81561817900861
24.59352511,-12.81362627,-73.54283333,-16.49774447,0.213407,101.14818,0.193432105423216
12.26015119,-20.95853686,-78.16254229,-10.37333333,4.211212,212.203766,1.65081245826976
4.015222826,-101.916972,-78.90888254,-8.50553373,236.709705,0,5.47105020230844
3.911636978,-105.3549411,-78.86731061,-8.53460303,65.702345,0,4.20024010972486
29.6187579,18.36041572,-73.95183333,-16.39612208,11.995986,0,2.56464054055173
35.1807136,-12.08924375,-77.74825583,-11.60683333,194.173296,0,5.27388786134188
89.17805824,1.997624392,-79.1139875,-9.94865417,28.618178,0,3.38838829445612
55.15950352,23.64358371,-78.28391042,-10.92074375,0,0,0
77.60833976,1.412510796,-78.86844458,-10.295,690.188499,0,6.53841257817317
20.59422067,-12.48144206,-76.82368642,-12.79149321,6.706761,187.619543,2.04209799554558
21.77439523,4.652873469,-76.51390854,-14.0694626,4.859819,0,1.76811871573988
5.955026755,-24.48970901,-80.55093446,-6.46762444,0.89629,0,0.639899345723121
1.213184348,-77.75981709,-79.38046938,-7.85472791,89.528859,0,4.50566868385109
30.51285533,13.80747897,-76.58822714,-14.11231357,70.2767097,0,4.2665696218839
9.293807574,-48.40703657,-76.27711667,-13.44281667,356.174639,36.29721,5.87822484704167
17.56151508,-13.67690974,-76.67916667,-12.95183333,108.197782,521.164403,4.69316075174921
8.096284996,-25.79924182,-76.77710458,-12.61806208,0.40616,0,0.340862584922506
3.579274105,-81.81553532,-79.35126152,-7.91938076,1408.986339,0,7.2513352946728
25.9666137,-54.86394038,-80.15787865,-6.94217865,9.2628,0,2.3285257069944
29.11046683,-26.29796454,-77.44847917,-11.90716667,27.602977,0,3.35351080331781
29.87509857,21.02468107,-73.22056125,-16.71543875,266.596472,0,5.58948014431066
25.27535497,-4.528933104,-77.0022275,-12.62916667,17.553491,0,2.92065796541724
15.54570292,7.43251536,-75.31396917,-15.4508025,113.982585,130.925484,4.74478068211324
9.138574253,-58.05852394,-78.33125124,-9.81341542,0.137053,117.067876,0.128439827578223
23.5860082,13.75959514,-81.50960792,-4.7925,0.261745,0,0.232495683480234
1.718378914,-71.29748934,-79.43312037,-7.76854259,183.924278,0,5.21994643318079
38.85301657,-15.07205622,-76.63729292,-13.41033333,1380.943319,0,7.23124598973834
4.407435224,2.351912747,-74.48259147,-15.79927093,28.418589,0,3.38162675345211
43.39752416,-59.2790854,-79.09870958,-8.97883333,1.441689,0,0.892690012950869
21.96086536,-33.17838048,-77.38881292,-11.87364625,23.990433,0,3.21849307162752
8.502393742,1.167249352,-81.37429392,-4.51753942,0,0,0
2.879108411,-29.39699541,-77.85304352,-10.69676944,474.445755,0,6.16425279556196
29.36526955,7.666598686,-75.78969882,-15.05791608,1676.374714,0,7.4249851799166
36.430382,-14.63069088,-81.02899542,-3.53216667,0,0,0
38.59565772,-34.89904191,-80.0050491,-7.32698288,1.108607,0,0.746027539893417
1.810809314,-33.41908982,-77.75643218,-10.83503448,43.011169,0,3.7844434426152
15.41282907,-21.6798815,-77.84511871,-10.92170935,243.162668,123.341125,5.4978346752972
3.025847573,-2.396905841,-75.02733188,-15.487,3.565303,49.586129,1.5184848864335
40.70906179,-61.93858595,-79.0775848,-8.9665848,26.150703,0,3.30140293923073
11.95360353,-3.13432904,-72.93415586,-16.63820586,108.884327,199.816136,4.69942823977463
47.97698903,15.2655843,-78.3417771,-10.71619688,23792.94835,0,10.0771865563188
3.814863118,-5.380945886,-73.437,-16.32416667,1.545655,83.541908,0.934387984276215
27.70123717,19.38414971,-74.44319615,-16.07402949,0.795702,99.958371,0.585396031836883
17.76402033,-15.39788692,-78.20683667,-10.399,1.319551,92.039156,0.841373632465245
8.013337402,-49.90140886,-76.26805125,-13.43161542,206.410778,0,5.33470126165829
37.35495259,17.68400661,-75.71306475,-15.236,28.123565,0,3.37154764028577
4.252404927,-15.49585809,-76.15139667,-14.38409889,37.544592,493.726741,3.65181580482472
25.20165962,-0.828724946,-81.25077475,-5.6321,37.167133,0,3.64197475259215
40.53072319,7.8283285,-78.28397398,-10.68062865,37.31242,0,3.6457741256029
8.01147484,-92.50509256,-78.70616667,-9.0742275,93.349863,0,4.54700981977323
78.88198397,14.15832325,-78.787115,-10.5036325,0,0,0
47.99071676,-52.41450452,-79.05013095,-9.19640476,19.361147,6.268705,3.01362852604836
43.48505791,24.91003774,-78.58532333,-10.13399,10.300762,0,2.42487015707307
5.713348093,-52.10603986,-76.24744018,-13.42619018,35.791171,0,3.60525789791158
7.418107793,2.909573068,-73.84574855,-16.22308188,10.960496,440.854131,2.48160921923447
56.07328877,-46.33085419,-79.38794625,-8.66661292,1036.151198,0,6.94423300087995
2.055316248,-72.4374608,-79.42317075,-7.78214182,50.869216,0,3.94872547353923
4.07080774,-15.80721172,-75.7295,-14.82516667,0.36117,23.28942,0.308344624024723
7.186419836,-31.05500169,-76.91683212,-12.34273273,181.251444,0,5.20538729403982
5.073372449,-32.90294327,-80.91063865,-5.61078405,30.507194,0,3.45021590070901
31.76265267,-70.10124111,-79.19636583,-8.55619917,15.824528,0,2.82283782164546
92.03780203,-8.821460398,-79.41627989,-9.41092663,109.924218,0,4.70884724743169
3.415220154,-74.87196645,-78.38466667,-9.65341584,1.606848,1.397495,0.958141828686954
4.840634354,-32.85691273,-77.6022108,-11.3727946,4.082001,18.920025,1.62570508167088
8.021624984,-0.876634087,-81.2245,-5.8835,54.042964,3.552011,4.00811404391932
4.348340898,-29.7843734,-77.02958132,-12.25045934,92.322747,0,4.53606388306804
13.50231747,8.448728603,-75.07735,-15.57544501,0.806419,0,0.591346432515607
10.28476694,-60.26218958,-79.53370833,-7.77870833,0.152279,0,0.141741720451041
6.74486548,-64.61239811,-78.3535,-9.74970986,13.802005,10.461929,2.69476264456741
26.65213861,-13.14592421,-77.41062035,-12.12859351,33.889568,0,3.55218787335075
9.06987484,-33.39198926,-76.30916667,-13.70838167,121.92998,0,4.81161492498502
38.80333239,24.26530623,-81.47457372,-5.42451667,8562.105205,0,9.05521816094862
33.27647216,-3.993247058,-76.63476207,-13.6452818,136.245128,200.997928,4.92176858249184
9.135795152,-6.366618614,-75.4883575,-15.1003575,0.082716,351.425078,0.0794726990956634
5.39827908,-5.347806299,-75.38716667,-15.19788917,1.544401,0,0.9338952588424
2.338092288,-15.93685347,-76.41352533,-13.86845065,81.000489,0,4.40672521066111
36.20895796,-48.34309785,-79.61520272,-8.06991667,2920.160067,0,7.97973609958542
17.5196999,-6.832117988,-73.50733333,-16.43945292,2.686779,321.879949,1.30475317712462
4.931309199,-1.213537072,-73.26308083,-16.45433333,13.152694,1.875695,2.6499049946602
7.816809057,-12.676209,-76.3791964,-13.98955991,4.201749,0,1.64899491518954
12.77497091,7.356169356,-75.06667924,-15.5711,9.790996,0,2.37871208270226
5.407522174,-16.43858241,-75.5523343,-14.95218237,7.048801,173.984503,2.08552313623782
7.945562488,-47.2351104,-77.2715,-11.80783333,1549.643284,208.868004,7.34642514575099
52.68170232,-30.60479981,-78.82203167,-9.78316667,0.020656,0,0.0204455578269473
54.68532247,-29.79070674,-80.38661039,-7.07087706,18.682389,0,2.97972427653308
54.50211765,-28.86723419,-78.83666667,-9.79153125,38.174606,0,3.66802873075692
8.118890608,-95.65216005,-79.03383333,-8.28620625,107.474154,661.714231,4.68651193262197
9.227788563,-94.03519839,-78.77133333,-8.90019833,121.180315,0,4.80549794538166
30.98543852,-2.201572751,-76.90611181,-12.84604514,49.832965,397.641963,3.92854506145147
0.502181924,-28.66913796,-76.32653396,-13.78573333,235.196329,0,5.46466336172885
9.733789168,4.512632768,-81.3747475,-4.41008083,0,0,0
8.805310593,-24.08233986,-76.6695,-12.83,0.450894,0,0.372179918166695
10.40410622,-19.13658934,-76.88452,-12.56035333,513.059016,8.101738,6.24233807598481
45.29792264,-46.65851265,-79.54232167,-8.26283333,0,0,0
6.85235106,-26.88371976,-77.7125,-11.21334583,13.444584,2671.417679,2.67031953461115
6.833464949,-26.58331016,-77.71516667,-11.2310125,0.268188,102.926542,0.237589110009095
34.11481542,-47.40162291,-78.57245,-9.8687,653.943049,0,6.48454828376344
5.007295136,-31.0362644,-77.00079359,-12.26871154,55.927412,0,4.04177698259366
3.187987562,-34.37475304,-77.74013421,-10.86289211,14969.64729,0,9.61384671562385
9.531989005,-39.15460078,-77.51438292,-11.4695,303.127051,1246.609682,5.71744554501847
26.33679509,4.359314568,-75.75971907,-15.04140636,2.068098,0,1.12105782562849
22.39809488,-10.62490507,-76.83849959,-12.80014959,4.04913,102.753515,1.61921595121812
44.15106543,12.86555807,-76.90366667,-13.07926375,2729.546076,578.334345,7.91225689601493
20.47596522,-30.71609106,-76.488335,-13.32450167,9.295341,289.974232,2.33169146280638
6.666859489,-94.79184998,-79.06566667,-8.21909042,0.705125,7.532851,0.533638421831147
9.117400767,-64.75486541,-79.77141302,-7.18941302,18.592223,0,2.9751327017819
56.77437076,-39.90435294,-79.06027458,-9.42983333,0.520613,0,0.419113543032527
30.89711688,9.45870525,-75.8046864,-15.0665182,1558.194182,0,7.35192441678567
51.30885763,10.80017901,-76.8765892,-13.29941127,170.956494,0,5.1472415029578
13.79654411,-4.746881741,-73.32824625,-16.52524625,1.468095,38.220346,0.903446598008961
28.08660223,10.79970151,-81.34008638,-5.42423333,531.364073,0,6.27732760302687
48.02736763,-25.52395363,-80.07822393,-7.3717703,1635.126265,0,7.40008669327989
7.399426351,-95.17805224,-78.798,-8.83782375,21.396777,0,3.10891706458014
17.0541999,-9.790637038,-74.05966435,-16.18926203,4.155925,101.652926,1.64014653881133
30.6155064,-42.29326642,-80.35496667,-6.821225,0,0,0
46.08325568,-27.43945266,-80.06376638,-7.36131652,491.566221,0,6.19962891045661
4.210440657,-26.04975089,-76.3635,-13.76126185,1808.49945,0,7.50080553905238
26.39749381,2.00122333,-81.267356,-5.6343015,672.265782,0,6.512140172932
33.2228143,-69.34293348,-79.01821,-8.93337667,74.973321,0,4.33038223918387
5.616612111,-3.347463908,-73.77024833,-16.23391833,0.696343,38.602335,0.528474757487883
14.42002168,-3.976856991,-74.19095711,-16.03279044,2.011201,61.665621,1.10233900250239
1.938928763,-74.51489773,-79.4060539,-7.81105887,139.708907,0,4.94669326702072
40.94744006,24.3179781,-81.56501821,-5.20923333,64.649282,0,4.18432666390301
65.80502209,-19.55441813,-80.47391424,-7.12202379,199.699569,0,5.30180910831618
59.93829451,-36.36732693,-79.077605,-9.45677167,1.327993,0,0.845006522991819
3.295809215,5.013993857,-74.71347,-15.65616667,0.908996,128.727007,0.646577449403542
3.962035717,-6.54713897,-75.41293639,-15.14537721,2.10648,581.52852,1.13349025238725
38.36759323,8.752964951,-77.10572667,-12.68989333,2.09003,0,1.12818079960039
1.518750433,-78.80031167,-79.37266908,-7.86966183,1442.307643,0,7.27469273286286
47.13001605,-55.57705145,-79.12758458,-8.99658458,152.381808,0,5.03293028998402
8.420989252,-97.08127664,-78.99733542,-8.38049792,4433.489618,0,8.39716780762536
18.12620587,-66.82246198,-79.46968277,-7.98639972,441.966303,0,6.09349370168926
5.397831955,-59.980789,-79.5732725,-7.55906083,0,0,0
3.977875395,-6.254594771,-74.74588625,-15.64383333,17.891681,224.522486,2.93872166643715
4.871554282,-32.53602022,-77.75536807,-10.87084237,16.599398,0,2.86786469691366
13.68431319,6.09092291,-75.29884375,-15.44233333,2.162568,7.011652,1.15138435579876
41.89032459,3.135872149,-76.80160774,-13.25569108,13.754561,0,2.69155225532606
12.3206562,-12.23637011,-75.62536541,-14.96509104,5.599027,4.081403,1.88692221392193
34.09705741,13.02584771,-75.83412994,-15.08435663,7.010778,0,2.08078788495286
